{"cameraMode":{"drawMode":0,"name":"Shaded","section":"Shading Mode"},"sceneLighting":false,"audioPlay":false,"sceneViewState":{"m_AlwaysRefresh":false,"showFog":true,"showSkybox":false,"showFlares":true,"showImageEffects":true,"showParticleSystems":true,"showVisualEffectGraphs":true,"m_FxEnabled":true},"in2DMode":false,"pivot":{"x":-0.5098299980163574,"y":-0.4637105166912079,"z":-0.05641132593154907},"rotation":{"x":0.23038512468338014,"y":0.01459585689008236,"z":-0.0034560365602374079,"w":0.972984254360199},"size":0.4294496178627014,"orthographic":false}